sz,times,dv
4,6.717684903,0.1262924761764
8,4.435930916,0.064320998282
16,4.595365049,0.0408987489361
32,4.630468804,0.025004531541600004
64,5.088529545,0.040708236360000004
